{"cameraMode":{"drawMode":0,"name":"Shaded","section":"Shading Mode"},"sceneLighting":true,"audioPlay":false,"sceneViewState":{"m_AlwaysRefresh":false,"showFog":true,"showSkybox":true,"showFlares":true,"showImageEffects":true,"showParticleSystems":true,"showVisualEffectGraphs":true,"m_FxEnabled":true},"in2DMode":false,"pivot":{"x":4.686454772949219,"y":-8.252904891967774,"z":-27.214683532714845},"rotation":{"x":0.00341964908875525,"y":-0.9192023277282715,"z":0.39375224709510805,"w":0.007997667416930199},"size":51.023826599121097,"orthographic":false}