{"cameraMode":{"drawMode":0,"name":"Shaded","section":"Shading Mode"},"sceneLighting":true,"audioPlay":false,"sceneViewState":{"m_AlwaysRefresh":false,"showFog":true,"showSkybox":true,"showFlares":true,"showImageEffects":true,"showParticleSystems":true,"showVisualEffectGraphs":true,"m_FxEnabled":true},"in2DMode":false,"pivot":{"x":-10.291485786437989,"y":-29.691375732421876,"z":106.78792572021485},"rotation":{"x":-0.14397378265857697,"y":0.04512744024395943,"z":-0.006901419721543789,"w":-0.9886600375175476},"size":73.60126495361328,"orthographic":false}