{"cameraMode":{"drawMode":0,"name":"Shaded","section":"Shading Mode"},"sceneLighting":true,"audioPlay":false,"sceneViewState":{"m_AlwaysRefresh":false,"showFog":true,"showSkybox":true,"showFlares":true,"showImageEffects":true,"showParticleSystems":true,"showVisualEffectGraphs":true,"m_FxEnabled":true},"in2DMode":false,"pivot":{"x":-3.88973331451416,"y":9.382743835449219,"z":31.669422149658204},"rotation":{"x":0.003455633297562599,"y":0.9237580299377441,"z":-0.38295912742614748,"w":0.008310823701322079},"size":16.20855712890625,"orthographic":false}