{"cameraMode":{"drawMode":0,"name":"Shaded","section":"Shading Mode"},"sceneLighting":true,"audioPlay":false,"sceneViewState":{"m_AlwaysRefresh":false,"showFog":true,"showSkybox":true,"showFlares":true,"showImageEffects":true,"showParticleSystems":true,"showVisualEffectGraphs":true,"m_FxEnabled":true},"in2DMode":false,"pivot":{"x":-38.80335235595703,"y":-19.708646774291993,"z":-23.754384994506837},"rotation":{"x":0.13638827204704286,"y":-0.7930550575256348,"z":0.19256722927093507,"w":0.5616254806518555},"size":40.487369537353519,"orthographic":false}