{"cameraMode":{"drawMode":0,"name":"Shaded","section":"Shading Mode"},"sceneLighting":true,"audioPlay":false,"sceneViewState":{"m_AlwaysRefresh":false,"showFog":true,"showSkybox":true,"showFlares":true,"showImageEffects":true,"showParticleSystems":true,"showVisualEffectGraphs":true,"m_FxEnabled":true},"in2DMode":false,"pivot":{"x":383.8036193847656,"y":238.72201538085938,"z":1140.0611572265625},"rotation":{"x":-0.03780082240700722,"y":-0.0009021951700560749,"z":0.0000347450768458657,"w":-0.9992881417274475},"size":961.9578247070313,"orthographic":false}